<?xml version="1.0" encoding="iso-8859-1" ?>
<newsitem itemid="17650" id="root" date="1996-08-27" xml:lang="en">
<title>UK: FORECAST - Consensus of key economic indicators.</title>
<headline>FORECAST - Consensus of key economic indicators.</headline>
<text>
<p>GMT -----------KEY INDICATORS----------FORECAST---RANGE---PREVS</p>
<p> 0645  TUE   FRA. HOUSING STARTS  JUL   N/F  PCT    N/A	N/A</p>
<p> 1400  TUE   U.S. CONSUMER CONF   AUG  105.00     103/107  107.2</p>
<p> 0200  WED   JPN. TANKAN SURVEY   Q3    N/F	   N/A     -3.0</p>
<p> 0500  WE-FR JPN. CONSTRCTN ORDRS JUL   N/F  PCT    N/A    -11.4</p>
<p> 0500  WE-FR JPN. HOUSING STARTS  JUL  +9.6  PCT +6.3/+13.0 +9.6</p>
<p> 0645  WED   FRA INDUSTRIAL PROD  JUN   N/F  PCT    N/A     +0.5</p>
<p> 0645  WED   FRA INDUSTRIAL   Y/Y JUN   N/F  PCT    N/A     -0.4</p>
<p> 0830  WED   U.K. NON-EU TRADE    JUL  -900 MLN -1000/-700 -1127</p>
<p> 0830  WED   U.K. NON EX OIL	JUL   N/F  MLN    N/A     -815</p>
<p> 0830  WED   U.K. VISIBLE TRADE   JUN -1400  MLN-1500/-1200 -985</p>
<p> 0830  WED   U.K. TRADE EX OIL    JUN   N/F  MLN    N/A    -1238</p>
<p> 1230  WED   CAN. INDUSTRIAL PROD JUL   N/F  PCT    N/A     -0.4</p>
<p> 1230  WED   CAN. RAW MATERIALS   JUL   N/F  PCT    N/A     -2.3</p>
<p> 0630  THU   JPN. RETAIL SALES    JUL   N/F  PCT    N/A     +2.0</p>
<p> 1230  THU   CAN. AVG. WEEKLY ERN JUN   N/F  PCT    N/A     +2.4</p>
<p> 1230  THU   U.S. IMPLICIT DEFL   Q2   +2.0  PCT    N/A     +1.8</p>
<p> 1230  THU   U.S. JOBLESS CLMS 24-Aug   N/F  K	N/A     327K</p>
<p> 1230  THU   U.S. GDP PRICE INDEX Q2    N/F  PCT    N/A     +2.1</p>
<p> 1230  THU   U.S. REAL GDP (PREL) Q2   +4.2  PCT +4.0/+4.2  +4.2</p>
<p> 1400  THU   U.S. NEW HOME SALES  JUL   730,000  720K/745K  734K</p>
<p> 2030  THU   U.S. M1	  W/E 19-Aug  N/F  BLN    N/A     -8.3</p>
<p> 2030  THU   U.S. M2	  W/E 19-Aug  N/F  BLN    N/A     -0.5</p>
<p> 2030  THU   U.S. M3	  W/E 19-Aug  N/F  BLN    N/A    +10.4</p>
<p> 0030  FRI   JPN. CONSUMER PRICES JUL  -0.1  PCT -0.2/+0.2  -0.4</p>
<p> 0030  FRI   JPN. CPI (NAT'L) Y/Y JUL  +0.6  PCT +0.4/+0.8  FLAT</p>
<p> 0030  FRI   JPN. CONSUMER PRICES AUG  -0.1  PCT -0.4/+0.3  FLAT</p>
<p> 0030  FRI   JPN. CPI (TOKYO) Y/Y AUG  +0.3  PCT -0.3/+0.7  +0.6</p>
<p> 0030  FRI   JPN. JOB RATIO	 JUL   0.71     0.70/0.72  0.71</p>
<p> 0030  FRI   JPN. UNEMPLOYMENT    JUL   3.5  PCT  3.4/3.6    3.5</p>
<p> 0630  FRI   JPN. INDUSTRIAL PROD JUL  +3.6  PCT +2.9/+4.3  -4.3</p>
<p> 0630  FRI   JPN. INDUST PREL Y/Y JUL  +5.2  PCT +4.6/+5.9  -1.0</p>
<p> 0645  FRI   FRA. UNEMPLOYMENT    JUL   N/F  PCT    N/A     12.5</p>
<p> 0645  FRI   FRA. UNEMPLOYMENT    JUL   N/F  K	N/A     +23K</p>
<p> 0645  FRI   FRA. VISIBLE TRADE   JUN   N/F  K	N/A    +11.6</p>
<p> 0700  FRI   ITA. GDP (PREL)  Q/Q Q2    N/F  PCT    N/A     +0.5</p>
<p> 0700  FRI   ITA. GDP (PREL)  Y/Y Q2   +1.0  PCT FLAT/+1.8  +1.5</p>
<p> 0830  FRI   U.K. M4 (FINAL)	JUL   N/F  PCT    N/A     +0.4</p>
<p> 0830  FRI   U.K. M4 (FINAL)  Y/Y JUL   N/F  PCT    N/A     +8.7</p>
<p> 0830  FRI   U.K. M4 LENDING	JUL   N/F  BLN    N/A     +5.2</p>
<p> 0830  FRI   U.K. NET CREDIT BUS  JUL  +800  MLN +650/+900  +636</p>
<p> 1230  FRI   CAN. CURRENT ACCOUNT Q2    N/F  BLN    N/A     -1.9</p>
<p> 1230  FRI   CAN. GDP PRICE DEF   Q2    N/F  PCT    N/A     -0.2</p>
<p> 1230  FRI   U.S. PERSONAL INCOME JUL  -0.2  PCT -0.3/FLAT  +0.9</p>
<p> 1230  FRI   U.S. PERSONAL SPEND  JUL  FLAT  PCT -0.3/+0.2  -0.2</p>
<p> 1230  FRI   CAN. REAL GDP	  Q2    N/F  PCT    N/A     +0.3</p>
<p> 1230  FRI   CAN. REAL GDP FACTOR JUN   N/F  PCT    N/A     +0.2</p>
<p> 1400  FRI   U.S. CHICAGO PMI     AUG   N/F	   N/A     51.2</p>
<p> 1400  FRI   U.S. FACTORY GOODS   AUG  +0.5  PCT FLAT/+0.8  -0.9</p>
<p>* ECONOMIC FORECASTS WEEK COMMENCING SEPTEMBER 2</p>
<p> 0730  MON   JPN. FOREIGN RESERVS AUG   N/F  BLN    N/A	212</p>
<p> 0830  MON   U.K. M0 (PROV)	 AUG   N/F  PCT    N/A     +0.4</p>
<p> 0830  MON   U.K. M0 (PROV)   Y/Y AUG   N/F  PCT    N/A     +7.1</p>
<p> 0830  MON   U.K. PURCH MNGRS INDXAUG   N/F  PCT    N/A     51.2</p>
<p> N/A   MO-TH GER. INDUSTRIAL PROD AUG   N/F  PCT    N/A     +0.6</p>
<p> N/A   MO-TH GER. INDUSTRIAL  Y/Y AUG   N/F  PCT    N/A     -1.1</p>
<p> N/A   MO-TH E.G. INDUSTRIAL  Y/Y AUG   N/F  PCT    N/A     UNCH</p>
<p> N/A   MO-TH W.G. INDUSTRIAL  Y/Y AUG   N/F  PCT    N/A     -1.0</p>
<p> 0830  TUE   U.K. OFF RESERVS US$ AUG   N/F  MLN    N/A	-17</p>
<p> 1230  TUE   U.S. LEADING INDICAT JUL   N/F  PCT    N/A     +0.5</p>
<p> 1400  TUE   U.S. NAPM		AUG   N/F  PCT    N/A     50.2</p>
<p> N/A   TUE   U.S. AUTO SALES	AUG   N/F  MLN    N/A	N/A</p>
<p> 0645  WED   FRA. GDP (PREL)  Q/Q Q2    N/F  PCT    N/A     +1.2</p>
<p> 0645  WED   FRA. GDP (PREL)  Y/Y Q2    N/F  PCT    N/A     +0.9</p>
<p> 1230  WED   CAN. BUILDING PERMTS JUL   N/F  PCT    N/A     -0.4</p>
<p> 1400  WED   U.S. CONSTRUCT SPEND JUL   N/F  PCT    N/A     +1.2</p>
<p> 2330  WED   U.K. CBI/BSL SURVEY OF DISTRIBUTIVE TRADES - AUGUST</p>
<p> N/A   WE-FR GER. MANUF NEW ORDS  JUL   N/F  PCT    N/A     +1.8</p>
<p> N/A   WE-FR GER. MANUF NEW   Y/Y JUL   N/F  PCT    N/A     +1.9</p>
<p> N/A   WE-FR E.G. MANUF NEW   Y/Y JUL   N/F  PCT    N/A    +18.0</p>
<p> N/A   WE-FR W.G. MANUF NEW   Y/Y JUL   N/F  PCT    N/A     +0.8</p>
<p> 0600  THU   GER. GDP (Q/Q)	 Q2    N/F  PCT    N/A     -0.4</p>
<p> 0600  THU   W.G. GDP (Y/Y)	 Q2    N/F  PCT    N/A     +0.3</p>
<p> 0600  THU   E.G. GDP (Y/Y)	 Q2    N/F  PCT    N/A     UNCH</p>
<p> 0800  THU   ITA. CONSUMER PRICES AUG  +0.1  PCT    N/A     -0.2</p>
<p> 0800  THU   ITA. CPI	   Y/Y AUG  +3.4  PCT    N/A     +3.6</p>
<p> 0800  THU   E.G. UNEMPLOYMENT    JUL   N/F  PCT    N/A     15.4</p>
<p> 0800  THU   E.G. UNEMPLOYMENT    JUL   N/F  K	N/A     -11K</p>
<p> 0800  THU   E.G. UNEMPLOYMENT    JUL   N/F  MLN    N/A     1.15</p>
<p> 0800  THU   GER. UNEMPLOYMENT    JUL   N/F  PCT    N/A     10.2</p>
<p> 0800  THU   GER. UNEMPLOYMENT    JUL   N/F  K	N/A	-5K</p>
<p> 0800  THU   GER. UNEMPLOYMENT    JUL   N/F  MLN    N/A     3.92</p>
<p> 0800  THU   W.G. UNEMPLOYMENT    JUL   N/F  PCT    N/A	9.0</p>
<p> 0800  THU   W.G. UNEMPLOYMENT    JUL   N/F  K	N/A	+6K</p>
<p> 0800  THU   W.G. UNEMPLOYMENT    JUL   N/F  MLN    N/A	2.8</p>
<p> 0830  THU   U.K. HOUSING CMPLTNS JUL   N/F  K	N/A     41.9</p>
<p> 0830  THU   U.K. HOUSING STARTS  JUL   N/F  K	N/A     43.2</p>
<p> 1230  THU   CAN. HELP WANTED IND AUG   N/F	   N/A	 89</p>
<p> 0830  FRI   U.K. CONSTRN OUTPUT  Q2    N/F  PCT    N/A     -1.0</p>
<p> 0830  FRI   U.K. INDUST PROD     JUL   N/F  PCT    N/A     -1.1</p>
<p> 0830  FRI   U.K. INDUST PROD Y/Y JUL   N/F  PCT    N/A     +0.8</p>
<p> 0830  FRI   U.K. MANUF OUTPUT    JUL   N/F  PCT    N/A     -0.3</p>
<p> 0830  FRI   U.K. MANU OUTPUT Y/Y JUL   N/F  PCT    N/A     -0.5</p>
<p> 1100  FRI   CAN. EMPLYMNT GROWTH JUL   N/F  K	N/A     +19K</p>
<p> 1100  FRI   CAN. UNEMPLOYMENT    JUL   N/F  PCT    N/A	9.8</p>
<p> 1230  FRI   U.S. PAYROLLS	  AUG   N/F  K	N/A    +193K</p>
<p> 1230  FRI   U.S. UNEMPLOYMENT    AUG   N/F  PCT    N/A	5.4</p>
<p> N/A   FR-MO FRA. M3 (Y/Y)	  JUL   N/F  PCT    N/A     +1.3</p>
<p>* ECONOMIC FORECASTS WEEK COMMENCING SEPTEMBER 9</p>
<p> 2350  SU-TH JPN. C/A(NSA YEN IMF)JUL   N/F  BLN    N/A     +672</p>
<p> 2350  SU-TH JPN. TRADE BAL NSA   JUL   N/F  BLN    N/A     +952</p>
<p> 0200  MON   JPN. WHOLESALE PRICE AUG   N/F  PCT    N/A     +0.2</p>
<p> 0200  MON   JPN. WHOLESALE PRICE AUG   N/F  PCT    N/A     +1.4</p>
<p> 0500  MO-MO JPN. MACHINERY ORDER JUL   N/F  PCT    N/A     -7.6</p>
<p> 0500  MO-MO JPN. MACHINERY   Y/Y JUL   N/F  PCT    N/A     -1.6</p>
<p> 0500  MO-MO JPN. ORDERS EX SHIPS JUL   N/F  PCT    N/A     -9.6</p>
<p> 0500  MO-MO JPN. EX SHIPS    Y/Y JUL   N/F  PCT    N/A     -3.2</p>
<p> 0830  MON   U.K. CONSTR NEW ORDS JUL   N/F  PCT    N/A	N/A</p>
<p> 0830  MON   U.K. CYCLICAL INDICATORS - JULY (2nd estimate)</p>
<p> 0830  MON   U.K. PPI (INPUT) NSA AUG   N/F  PCT    N/A     -0.8</p>
<p> 0830  MON   U.K. PPI (INPUT)  SA AUG   N/F  PCT    N/A     +0.3</p>
<p> 0830  MON   U.K. PPI (INPUT) Y/Y AUG   N/F  PCT    N/A     -2.2</p>
<p> 0830  MON   U.K. PPI (OUTPUT)    AUG   N/F  PCT    N/A     -0.1</p>
<p> 0830  MON   U.K. PPI (OUTPUT)Y/Y AUG   N/F  PCT    N/A     +2.2</p>
<p> 0830  MON   U.K. EX FD DRNK TBCC AUG   N/F  PCT    N/A     -0.1</p>
<p> 0830  MON   U.K. EX FD DRNK  Y/Y AUG   N/F  PCT    N/A     +1.5</p>
<p> 1900  MON   U.S. CONSUMER CREDIT JUL   N/F  BLN    N/A     +8.3</p>
<p> N/A   MO-MO GER. CURRENT ACCOUNT JUN   N/F  BLN    N/A     -2.5</p>
<p> N/A   MO-MO GER. TRADE BALANCE   JUN   N/F  BLN    N/A     +9.5</p>
<p> 1215  TUE   CAN. HOUSING STARTS  AUG   N/F  K	N/A     129K</p>
<p> 1230  TUE   CAN. CAPACITY UTIL   Q2    N/F  PCT    N/A     82.8</p>
<p> 1400  TUE   U.S. CURRENT A/C BOP Q2  -36.3  BLN  -51/-32  -35.6</p>
<p> 1400  TUE   U.S. NON-FARM PRODREV Q2   N/F  PCT    N/A     -0.1</p>
<p> 1400  TUE   U.S. WHOLESALE TRADE JUL   N/F  PCT    N/A     UNCH</p>
<p> N/A   TU-MO GER. COST OF LIVING  AUG   N/F  PCT    N/A     +0.4</p>
<p> N/A   TU-MO GER. COL	   Y/Y AUG   N/F  PCT    N/A     +1.3</p>
<p> N/A   TU-MO W.G. COL (FINAL)     AUG   N/F  PCT    N/A     +1.3</p>
<p> N/A   TU-MO E.G. COL	   Y/Y AUG   N/F  PCT    N/A	N/A</p>
<p> 0830  WED   U.K. AVERAGE EARNS   JUL   N/F  PCT    N/A     3.75</p>
<p> 0830  WED   U.K. UNEMPLOYMENT    AUG   N/F  PCT    N/A	7.6</p>
<p> 0830  WED   U.K. UNEMPLOYMENT    AUG   N/F  K	N/A     -24K</p>
<p> 0830  WED   U.K. UNIT WAGE COSTS JUL   N/F  PCT    N/A     +3.3</p>
<p> 1230  WED   CAN. NEW HOUSING PRI JUL   N/F  PCT    N/A     -2.2</p>
<p> 1600  WED   U.S. BEIGE BOOK</p>
<p> 0830  THU   U.K. RETAIL PRICES   AUG   N/F  PCT    N/A     -0.4</p>
</text>
<copyright>(c) Reuters Limited 1996</copyright>
<metadata>
<codes class="bip:countries:1.0">
  <code code="UK">
    <editdetail attribution="Reuters BIP Coding Group" action="confirmed" date="1996-08-27"/>
  </code>
</codes>
<codes class="bip:topics:1.0">
  <code code="E71">
    <editdetail attribution="Reuters BIP Coding Group" action="confirmed" date="1996-08-27"/>
  </code>
  <code code="ECAT">
    <editdetail attribution="Reuters BIP Coding Group" action="confirmed" date="1996-08-27"/>
  </code>
</codes>
<dc element="dc.publisher" value="Reuters Holdings Plc"/>
<dc element="dc.date.published" value="1996-08-27"/>
<dc element="dc.source" value="Reuters"/>
<dc element="dc.creator.location.country.name" value="UK"/>
<dc element="dc.source" value="Reuters"/>
</metadata>
</newsitem>
