<?xml version="1.0" encoding="iso-8859-1" ?>
<newsitem itemid="3008" id="root" date="1996-08-20" xml:lang="en">
<title>USA: Report pegs Isuzu, Honda trucks as unsafe.</title>
<headline>Report pegs Isuzu, Honda trucks as unsafe.</headline>
<dateline>YONKERS, N.Y. 1996-08-20</dateline>
<text>
<p>Consumer Reports on Tuesday singled out two sports utility vehicles as having &quot;too great a tendency to roll over in certain situations.&quot;</p>
<p>The consumer magazine said it rated the 1995 and 1996 Trooper (made by Isuzu Motors Ltd) and the 1996 Acura SLX (made by Honda Motor Co Ltd ) &quot;not acceptable as a result.</p>
<p>Consumer Reports said that the sports trucks &quot;tipped up high on two wheels&quot; during a standard road test that simulates a car swerving to avoid an object on a highway.</p>
</text>
<copyright>(c) Reuters Limited 1996</copyright>
<metadata>
<codes class="bip:countries:1.0">
  <code code="USA">
    <editdetail attribution="Reuters BIP Coding Group" action="confirmed" date="1996-08-20"/>
  </code>
</codes>
<codes class="bip:industries:1.0">
  <code code="I35101">
    <editdetail attribution="Reuters BIP Coding Group" action="confirmed" date="1996-08-20"/>
  </code>
</codes>
<codes class="bip:topics:1.0">
  <code code="C21">
    <editdetail attribution="Reuters BIP Coding Group" action="confirmed" date="1996-08-20"/>
  </code>
  <code code="CCAT">
    <editdetail attribution="Reuters BIP Coding Group" action="confirmed" date="1996-08-20"/>
  </code>
</codes>
<dc element="dc.date.created" value="1996-08-20"/>
<dc element="dc.publisher" value="Reuters Holdings Plc"/>
<dc element="dc.date.published" value="1996-08-20"/>
<dc element="dc.source" value="Reuters"/>
<dc element="dc.creator.location" value="YONKERS, N.Y."/>
<dc element="dc.creator.location.country.name" value="USA"/>
<dc element="dc.source" value="Reuters"/>
</metadata>
</newsitem>
