<?xml version="1.0" encoding="iso-8859-1" ?>
<newsitem itemid="40259" id="root" date="1996-09-09" xml:lang="en">
<title>JAPAN: Fuji Heavy revises up 96/97 export forecast.</title>
<headline>Fuji Heavy revises up 96/97 export forecast.</headline>
<dateline>TOKYO 1996-09-09</dateline>
<text>
<p>Fuji Heavy Industries Ltd has revised upward its forecast for exports to 75,000 vehicles from 67,000 in the year to March 31, 1997, due to strong demand for its Legacy model in the United States and the weaker yen, a Fuji Heavy spokesman told Reuters on Monday.</p>
</text>
<copyright>(c) Reuters Limited 1996</copyright>
<metadata>
<codes class="bip:countries:1.0">
  <code code="JAP">
    <editdetail attribution="Reuters BIP Coding Group" action="confirmed" date="1996-09-09"/>
  </code>
</codes>
<codes class="bip:industries:1.0">
  <code code="I35101">
    <editdetail attribution="Reuters BIP Coding Group" action="confirmed" date="1996-09-09"/>
  </code>
</codes>
<codes class="bip:topics:1.0">
  <code code="C31">
    <editdetail attribution="Reuters BIP Coding Group" action="confirmed" date="1996-09-09"/>
  </code>
  <code code="C312">
    <editdetail attribution="Reuters BIP Coding Group" action="confirmed" date="1996-09-09"/>
  </code>
  <code code="CCAT">
    <editdetail attribution="Reuters BIP Coding Group" action="confirmed" date="1996-09-09"/>
  </code>
</codes>
<dc element="dc.date.created" value="1996-09-09"/>
<dc element="dc.publisher" value="Reuters Holdings Plc"/>
<dc element="dc.date.published" value="1996-09-09"/>
<dc element="dc.source" value="Reuters"/>
<dc element="dc.creator.location" value="TOKYO"/>
<dc element="dc.creator.location.country.name" value="JAPAN"/>
<dc element="dc.source" value="Reuters"/>
</metadata>
</newsitem>
