<?xml version="1.0" encoding="iso-8859-1" ?>
<newsitem itemid="50202" id="root" date="1996-09-12" xml:lang="en">
<title>CANADA: Canada July new motor vehicle sales fall 2.9 pct.</title>
<headline>Canada July new motor vehicle sales fall 2.9 pct.</headline>
<dateline>OTTAWA 1996-09-12</dateline>
<text>
<p>New motor vehicle sales fell 2.9 percent seasonally adjusted in July to 96,398 units from a revised 99,244 units in June, Statistics Canada said on Thursday.</p>
<p>A Reuters survey of economists had forecast a 1.4 percent decline in July.</p>
<p>-- Reuters Ottawa Bureau 613-235-6745</p>
</text>
<copyright>(c) Reuters Limited 1996</copyright>
<metadata>
<codes class="bip:countries:1.0">
  <code code="CANA">
    <editdetail attribution="Reuters BIP Coding Group" action="confirmed" date="1996-09-12"/>
  </code>
</codes>
<codes class="bip:industries:1.0">
  <code code="I35000">
    <editdetail attribution="Reuters BIP Coding Group" action="confirmed" date="1996-09-12"/>
  </code>
</codes>
<codes class="bip:topics:1.0">
  <code code="C31">
    <editdetail attribution="Reuters BIP Coding Group" action="confirmed" date="1996-09-12"/>
  </code>
  <code code="CCAT">
    <editdetail attribution="Reuters BIP Coding Group" action="confirmed" date="1996-09-12"/>
  </code>
</codes>
<dc element="dc.date.created" value="1996-09-12"/>
<dc element="dc.publisher" value="Reuters Holdings Plc"/>
<dc element="dc.date.published" value="1996-09-12"/>
<dc element="dc.source" value="Reuters"/>
<dc element="dc.creator.location" value="OTTAWA"/>
<dc element="dc.creator.location.country.name" value="CANADA"/>
<dc element="dc.source" value="Reuters"/>
</metadata>
</newsitem>
